Age,Gender,Income,NumWebsiteVisits,NumProductsViewed,LoyaltyMember,PreferredChannel,PastMonthPurchase,CustomerLifetimeValue
30,Male,195969,1,67,Yes,Phone,4377.690353895385,5576.224419289557
51,Female,164714,18,91,No,Email,3071.2334809940035,2903.6990370468766
62,Female,58129,40,40,Yes,Email,6964.716897294423,3800.8531481708715
29,Male,110103,39,34,No,Email,1191.7447685279203,1590.1968432342528
61,Female,67645,36,46,Yes,SMS,7074.965983213903,7166.162805110071
65,Male,102453,17,42,No,App,252.20209048384513,0.0
58,Male,138443,43,89,Yes,SMS,1976.2661425138394,4984.40593984909
68,Female,143502,33,41,Yes,App,5902.431913885811,3826.5908058260984
50,Male,59933,34,56,Yes,App,9866.73513117454,6128.195557102803
47,Male,101875,28,57,Yes,App,2866.3781760086326,3533.1966301087996
68,Female,189051,41,32,Yes,App,2885.4178552298295,2362.5303586189884
18,Female,102375,36,86,No,Email,630.6333758782146,2163.212141226629
39,Male,62494,32,86,No,Email,8599.055026850865,2950.275229407771
59,Female,31038,25,55,Yes,Email,8935.705493156078,3560.3955873402774
39,Female,37886,31,61,Yes,App,3503.6322462184944,4612.981798852807
40,Male,48025,26,89,Yes,App,5595.60848208357,4008.514920189744
53,Female,76642,15,63,No,App,6313.304264632798,1837.4564026012806
28,Male,172413,39,66,Yes,Phone,9402.05795401136,7078.4823895637455
37,Female,11586,43,62,Yes,SMS,7483.45632233826,6707.559108341798
48,Male,62674,42,35,No,App,3434.946688861168,1000.1493159114037
53,Male,39101,5,33,No,Email,8384.66361722053,3469.426594238631
39,Male,163919,4,43,No,SMS,4142.526203039168,3675.220811294027
62,Female,134434,21,72,Yes,Email,342.93965525062254,3319.438168866233
49,Female,72642,14,20,No,SMS,2343.0146954716147,1350.9075220533769
49,Female,86895,40,91,No,App,9471.125324424404,3475.305321177501
20,Female,14092,24,51,No,SMS,3175.3104004432885,3502.7889704963886
27,Female,126605,13,66,No,Email,4322.750817289008,2146.7536922151758
48,Male,32568,8,76,No,Email,9121.12389891491,5215.538779932259
25,Male,144655,34,29,No,Email,7402.832762930658,3467.0499681615242
48,Female,20815,40,11,Yes,App,4867.420889694072,5057.515819304423
35,Female,198065,12,6,No,Email,9853.892477460931,2423.2196885931103
21,Female,184791,6,63,Yes,Phone,4052.8332107486754,4787.953797847523
68,Female,100162,15,48,No,Phone,1527.1094676913187,231.81231319703966
22,Female,102904,18,4,No,Phone,8590.981438684248,2176.0219785280665
34,Female,55446,29,64,Yes,SMS,662.4430287197303,3810.404280027391
68,Female,16900,18,94,No,SMS,7590.0423064018605,4437.955947083969
63,Male,183091,43,75,Yes,Email,7101.426949031245,5519.896918949524
36,Female,35455,37,59,No,SMS,182.9808460515936,399.13728030281345
33,Male,95158,16,55,Yes,Phone,964.1674298231873,2922.616488554135
37,Female,55658,20,5,No,Phone,322.069115187974,0.0
55,Female,159479,8,96,No,SMS,5522.6465923503565,5350.430526743586
39,Female,150909,11,40,No,SMS,6971.640174441296,2951.520024270777
43,Female,59432,3,93,Yes,Phone,2152.4420933392585,4848.0334527846435
46,Male,33970,25,27,No,Phone,263.1659502757866,586.9186382920518
59,Male,63463,30,6,No,SMS,2096.7412411429086,1222.9688909712647
43,Male,149254,31,24,No,App,5598.920855942515,3427.1835258556703
34,Female,198316,2,11,Yes,App,1390.7635326863056,644.405371927739
56,Female,187958,14,57,No,Email,543.9652977647846,2697.4315856371422
49,Male,52319,33,98,No,Email,6008.890420763541,1583.7756715437954
41,Male,42876,27,27,Yes,Email,6833.753069295482,6857.042625689637
27,Female,175662,11,53,Yes,SMS,2256.5264337579238,3155.021512597942
51,Female,58990,45,73,Yes,App,6221.389135188252,5661.859790040889
18,Female,97410,4,15,Yes,App,322.0492126337149,3364.798417043842
27,Male,132903,23,31,No,App,5876.534913328953,3396.871666617295
46,Female,31410,25,87,Yes,App,3498.0874632267523,5245.045962482862
50,Female,59288,37,78,No,App,9541.11526161015,2723.03242334224
21,Male,84338,13,65,No,Phone,6642.86710582412,4026.9584295563327
57,Female,12364,41,15,No,Email,5049.801728594442,1313.1617662819594
25,Male,198524,28,62,Yes,App,5039.152474838183,6250.818828058994
31,Male,118554,34,69,Yes,App,8783.661792808849,7647.300643597003
63,Male,143271,11,23,No,SMS,8559.868962953999,3820.8740162473923
69,Male,117264,13,5,No,App,2784.4272460666366,0.0
40,Male,155836,28,42,Yes,SMS,1183.2622267845816,4157.059353821952
63,Male,88366,23,95,Yes,App,7597.784221562663,5981.950315019554
52,Female,178787,26,53,Yes,App,4303.287403366624,5523.020903781032
62,Female,117102,15,20,No,SMS,1825.4338259312465,1350.09491254953
61,Female,57263,37,31,Yes,Email,9315.23855386122,4749.727349348293
35,Male,79106,34,33,Yes,Phone,7894.601991490151,5092.999727220075
20,Male,36869,37,1,No,App,3053.376307441673,1462.8993713303103
35,Male,94761,26,89,No,Email,2946.789610755651,1966.9033566070598
66,Female,69453,45,65,No,SMS,2567.914537799053,2627.7528338051525
56,Female,76930,12,28,No,SMS,2042.5954075315178,396.4682057078612
29,Female,38557,42,15,No,Phone,7175.517039853968,971.9895998924735
23,Male,46724,3,57,No,Phone,1963.3980795550076,3939.8834096537935
34,Male,158315,9,70,No,App,7268.425869555029,1566.1924874070219
32,Male,42576,31,88,Yes,SMS,5727.1180109613215,5822.583313253464
20,Female,150474,44,22,No,App,7363.51794228828,2772.8687838887367
44,Female,191449,43,47,No,Email,7940.006608324694,5042.618495310401
50,Male,131383,15,6,No,Phone,4627.829642819663,1596.6092451597945
63,Female,126559,18,42,Yes,App,9405.645368481524,5842.64927753013
68,Male,67910,8,33,Yes,Phone,4478.071600535667,3630.160518267071
36,Male,181429,16,34,No,Phone,7335.266937334371,1713.3536080092194
38,Female,32260,2,29,Yes,SMS,5796.3254700648495,5866.583256565435
64,Male,171590,24,47,No,SMS,8158.997556013927,2427.2391292906086
62,Female,68390,49,38,No,Phone,18.9105669142986,819.0586421346494
41,Male,186909,28,55,Yes,App,6728.666366706346,6822.772719534369
50,Female,184825,22,41,Yes,Phone,9287.660486280198,3842.972285328782
34,Male,96928,43,93,Yes,SMS,6896.326855986249,5366.304834717876
58,Female,120685,7,13,Yes,Email,9268.205993909549,4838.940414703315
22,Male,82393,37,13,No,Phone,8359.814764327459,1939.2337860074344
23,Male,102877,16,12,Yes,App,3378.8840321046687,3413.2622619087842
65,Female,24064,9,37,Yes,Email,4175.41321292148,4521.291577242565
24,Female,43109,33,19,Yes,Phone,9668.580756153866,4314.931639723652
34,Male,81022,32,53,No,App,1980.467946579788,2854.8770704055405
68,Female,132637,38,34,No,Phone,9526.989558112547,3233.7688909783838
25,Female,79452,11,15,Yes,Email,2447.7095068383715,2837.5389207034873
40,Male,11755,30,78,Yes,Phone,9284.653727398205,7798.504046554186
31,Male,180118,2,39,Yes,App,6537.710879954143,5176.1484434629
68,Male,172888,30,85,Yes,App,4890.418050583443,5557.393532754479
68,Female,171917,34,73,Yes,Email,4921.339905482984,5363.661724881439
55,Female,20775,36,8,No,Email,4151.616470806713,1503.572823569693
39,Female,185103,16,8,Yes,SMS,3563.0477557754493,2966.01059344622
65,Female,103659,21,77,No,App,8944.925822130159,5670.838421827753
20,Male,84816,34,18,No,Phone,7909.750561964362,3229.0011688722384
24,Female,34668,37,46,No,SMS,385.2288240991486,870.5941862292088
19,Female,139570,9,29,No,App,3317.1824551009277,1892.6134977092352
37,Female,181482,9,91,Yes,Email,1335.1058552573625,3494.2701419541627
61,Female,102228,44,89,Yes,Email,454.5768073640677,2334.536487396581
23,Female,70596,16,62,Yes,App,489.2672284475041,3429.1308018233153
28,Female,92219,36,37,Yes,Email,1761.8653435299857,3846.186630944614
64,Male,27691,9,84,Yes,Phone,8912.94071830125,6364.391524809271
30,Male,65934,14,33,Yes,SMS,235.48194602080352,2286.660339373751
22,Female,54319,1,38,No,SMS,968.2730821668329,8.64026569198063
44,Female,39633,5,38,No,SMS,1596.984477350709,978.1228798409384
27,Female,89779,24,99,Yes,Email,6036.498365032944,4516.356762832897
47,Male,56935,18,2,No,Phone,3017.064177116261,2078.1501882100088
61,Female,182596,17,17,No,SMS,9803.780530869806,4075.584137159213
21,Female,121398,23,33,Yes,Email,6737.709225590502,4131.25281498963
40,Female,94570,3,42,No,Email,1359.2321505820614,2695.0089340014183
51,Male,44579,6,59,No,SMS,6308.526507311744,4588.933462423785
48,Female,48823,34,2,Yes,Phone,2936.2483561214412,2914.139472425106
23,Female,198804,20,20,No,App,2567.277862408703,1522.1536985747277
55,Male,118609,18,55,No,Phone,5507.887933958126,3753.6297782507127
44,Male,119467,33,74,No,App,1771.5724505849762,2888.745569232478
58,Female,156091,40,98,Yes,SMS,7812.6806783894845,7035.377894971351
22,Male,75961,33,88,Yes,Phone,1112.1854090826578,3515.9768203898857
54,Male,99675,27,23,No,Email,4057.665989903726,1645.3263351521318
41,Male,123692,22,60,Yes,SMS,1262.4048809096355,2133.638884165145
33,Female,84106,49,77,No,SMS,3295.6129391276777,1721.7270560760417
20,Male,101901,45,41,Yes,Phone,9087.723382330754,4693.985596787123
45,Female,84932,2,51,Yes,Email,525.1936648235611,4358.5915309765
43,Male,172995,31,37,No,SMS,19.75833016200412,1331.1006110046799
60,Female,129773,29,54,No,App,6890.665211322486,2598.918770146881
55,Female,170667,18,10,No,Phone,7616.324499030667,2259.7912031047103
40,Female,108733,17,69,No,Phone,4873.881152970124,2670.8547325543946
50,Female,176956,45,60,No,App,8012.3205174969835,4663.076718551129
62,Male,16449,5,7,No,App,756.9361202152769,958.8504858505862
46,Male,155409,14,9,Yes,Email,1204.2424760588865,1504.2133553495014
68,Female,127897,31,95,Yes,Email,1311.3306707695594,3247.758979163087
33,Female,140638,44,26,Yes,SMS,550.0898727307668,3576.6491150262336
48,Male,84438,1,11,Yes,Phone,7961.73138510764,4676.324040921682
67,Male,173379,1,83,Yes,Email,1159.2045074757884,4341.114473234725
19,Male,148492,14,23,No,Phone,8233.449938872978,3793.3036346243584
64,Female,153319,32,73,Yes,App,965.6474003984739,6890.194384496974
58,Female,159347,22,94,No,Email,9434.894732605682,4671.184578487814
50,Female,66461,30,53,No,SMS,9810.80168106225,3295.871005896314
65,Female,135035,33,90,No,Email,1458.3691406415132,2952.1362850692585
57,Female,50184,25,30,No,App,7130.073349031844,2313.1630304912637
30,Male,37264,11,86,Yes,App,948.3289378432136,4796.024628810073
39,Male,39139,43,10,Yes,SMS,1917.2389963145886,6206.853435940133
55,Male,41703,43,77,No,Email,2212.6411714091764,2414.725621797478
28,Male,31584,34,36,No,SMS,5951.280466817549,4356.460395237937
59,Female,22544,17,52,Yes,SMS,7788.887977088067,3693.4705599457056
43,Female,19297,34,1,No,App,5226.1752650747485,1929.304180038129
18,Female,103875,3,88,Yes,App,5269.249749248382,4334.903446401933
48,Male,138908,13,77,No,App,739.5574159384599,269.7238975807238
44,Male,130363,19,95,No,Email,3158.875157663942,3136.095211651969
35,Male,162631,34,57,No,App,7087.9692633255,3100.114304070031
28,Male,134270,2,38,Yes,SMS,5892.070882908221,5814.7127321091
49,Female,26450,34,14,Yes,SMS,8593.540015312854,5312.72194522999
19,Male,107232,18,9,Yes,Phone,5609.42558442558,3141.276196715251
69,Female,79038,9,24,No,App,5146.800109143128,2658.1313660830733
49,Male,112390,8,72,Yes,App,4979.534762562989,4920.096498695257
23,Male,195910,22,90,Yes,Email,5634.52694262633,5083.049340971948
65,Female,88882,26,50,No,Phone,8896.620755108865,2582.1987541602684
28,Female,55070,21,69,Yes,Email,9676.76926172473,5562.575743594709
39,Male,147614,31,16,No,Phone,310.63107191180995,1175.4814893041369
35,Female,19846,24,44,Yes,App,8883.460979390022,5501.799627586935
44,Male,39544,47,65,No,SMS,6277.536972630805,2827.8566333397935
69,Female,31683,26,77,No,Email,4570.288532024984,3577.4869900811286
42,Male,16146,14,31,No,SMS,1453.8417558598649,132.7726543795054
54,Male,118259,30,89,No,Email,288.48703191468593,1186.890927879397
58,Female,133969,9,31,Yes,Phone,3674.386332797792,3723.858389968053
57,Female,177300,18,18,Yes,Phone,6741.201977567446,4185.418014536081
35,Female,170688,41,34,Yes,SMS,5767.94756438649,3899.1347015607084
45,Male,75384,37,64,No,App,4646.611163048863,2131.885195109135
55,Male,20713,7,36,Yes,Phone,6872.823240901258,5624.288059746166
30,Male,58434,48,50,Yes,App,450.27520637472395,2858.520043046365
63,Female,76875,29,91,Yes,Email,8860.27611491704,7799.66353766913
28,Female,148362,10,88,No,Email,6141.114172531893,2953.262413388616
19,Female,109350,33,45,Yes,SMS,7122.131134012988,4099.714700584749
54,Female,14262,32,24,No,Email,2226.9205393257816,930.005942681204
28,Male,89067,41,49,No,Phone,7200.648854286941,2634.475952269465
39,Male,31910,12,69,No,App,1587.1625112373933,610.7260675058751
46,Male,22036,22,44,Yes,Email,6214.574126880037,5151.389088647965
43,Female,52019,38,24,Yes,App,8331.249543874606,4322.922617913006
24,Female,81697,1,41,Yes,Phone,9892.155627958417,5062.2265535778715
54,Female,181257,38,24,No,App,9425.867873223666,3299.9975740081745
49,Female,177269,40,1,No,Email,1790.0403458433045,321.97388406887757
53,Female,167001,3,6,Yes,Phone,2419.1541088319714,3967.5273030906765
36,Male,34774,32,29,Yes,Phone,823.9092643769575,3810.2754634831927
49,Male,178946,1,94,Yes,App,3742.476788288254,5995.527346690732
60,Female,30086,8,10,No,SMS,1493.0302940602992,0.0
58,Male,167671,12,84,Yes,SMS,3953.884833507214,5531.044007195561
68,Male,152363,18,93,No,Phone,7488.413671416564,4320.983326802164
57,Male,122790,49,54,No,SMS,84.96300193909012,1015.6739124105495
21,Male,137603,32,47,No,Email,6101.235826625146,3885.310899866392
56,Female,24698,8,31,Yes,Phone,6672.989682226015,5400.35685525613
39,Female,15933,47,66,Yes,Email,8692.725715866452,6400.61742093059
24,Male,140187,27,25,No,Email,2576.0894419551028,1269.2530815853875
40,Male,52234,28,21,No,Email,4281.583483802647,1590.7679688764565
41,Male,91109,39,32,Yes,App,892.2171706163773,1567.7221167743608
25,Male,182917,4,61,No,App,6611.8184200832875,3512.259612161597
35,Female,167954,27,89,No,Email,2211.0389538602803,3949.875693756171
45,Male,159409,3,78,No,App,6599.084279768622,4529.4498715692025
18,Female,39916,18,63,Yes,Phone,4131.58400192097,3505.421964509365
37,Female,191978,13,25,No,SMS,8228.20888566595,3115.034160817604
19,Male,28504,40,79,No,Email,6524.415394453549,3556.0169440906316
63,Female,67396,17,65,No,Email,5534.772650661407,2678.123483828207
54,Female,154156,5,30,No,SMS,3047.275754758436,27.74321254616939
69,Male,165019,32,31,No,Email,980.9556091859217,536.9886058048548
30,Male,77502,48,94,Yes,Email,5876.692133570147,6585.763720644757
41,Male,68563,6,68,Yes,Phone,5403.67190080102,6451.395215596842
22,Female,192459,22,18,Yes,App,2024.0975403134044,2301.60954659694
41,Female,25454,35,90,No,App,9543.016225768324,5284.134198439109
35,Male,158181,41,60,No,Email,7337.268712599671,2794.417646051429
39,Female,165401,21,88,No,App,6069.0745776792655,3457.6385962788077
23,Male,37988,31,19,Yes,Phone,4909.757509779037,2462.351635426212
67,Male,167729,18,39,Yes,SMS,2049.1305423430504,4266.693786698114
39,Female,158093,17,77,Yes,Email,7415.935358570459,6514.890709395989
63,Female,92838,20,61,No,Email,7269.816541163743,3371.4361861139705
59,Female,19460,16,20,Yes,Phone,8662.234968268904,4387.778366331658
57,Female,142550,39,41,No,Email,1243.3046578827723,2467.4530803193766
44,Male,20066,5,25,Yes,SMS,3141.374752549998,3947.491393810966
39,Male,30263,6,10,Yes,SMS,7379.158543659509,3892.5510535443973
28,Female,126998,10,32,No,Email,5336.03577384403,2095.091766536663
48,Male,99770,41,21,Yes,Phone,7882.100144377885,7349.886877021761
35,Female,122189,43,76,No,Phone,8857.292287733428,2904.540553295721
23,Male,172401,21,75,Yes,Email,1036.2315803641386,3811.2434864458305
52,Male,182418,40,42,Yes,SMS,966.653684430856,2937.9242553045456
69,Female,194296,45,12,No,App,6706.636914516689,2435.8918198054153
33,Male,111559,33,25,Yes,App,5766.229896469161,4121.989369594459
45,Female,96459,11,97,Yes,Email,7309.20093447119,5020.040882045541
52,Male,61605,42,41,No,App,4049.19053686948,2902.629233267515
63,Female,51519,45,52,No,Email,7744.678615570461,3609.411955488315
68,Female,172502,3,47,Yes,Email,7205.234801099453,5933.085775848911
64,Female,11964,8,60,Yes,Email,2822.3631915500046,3078.6309718584052
30,Male,11252,17,56,Yes,Phone,9439.179565325805,5583.228599974095
23,Female,19399,38,33,Yes,SMS,7884.2196698770595,4763.995112195532
63,Female,90397,17,92,Yes,Email,417.1443104699557,2936.788343567126
40,Female,16052,24,66,No,App,3991.761585254622,2795.8818410469544
38,Female,152587,36,51,Yes,Email,5020.058687944469,3069.2628883437933
27,Male,104459,27,70,No,Phone,9293.96152130699,6195.352551652577
54,Male,192478,14,26,Yes,Phone,9359.074420541567,5467.902652116935
23,Female,193200,32,59,Yes,Email,4150.987405055349,6424.16827092263
41,Male,199646,23,91,Yes,SMS,9624.233300194484,5340.453191167105
63,Male,191713,41,73,No,App,3266.7119304806633,1888.1489718678185
46,Female,127068,3,7,No,Phone,5350.049202733711,1623.5343468316198
61,Male,110125,4,10,No,App,6417.1776511571625,2917.8365145072294
53,Male,156396,23,10,Yes,Phone,1792.4647728562447,4070.215409293447
67,Male,47814,45,46,No,Phone,3527.2670691551943,2671.1048226079433
25,Female,194513,41,65,No,SMS,3635.7825951768473,1770.7929339814582
50,Male,141946,10,20,No,Phone,3267.075605799429,1292.7718146491786
19,Male,84035,34,85,Yes,SMS,7483.104763054961,5739.293216496925
59,Female,140074,49,77,No,Phone,3901.828897555235,3374.3013780027773
39,Male,13645,48,71,No,Phone,3305.232887756101,3956.571432995161
20,Female,112577,26,12,No,SMS,1581.1484453998003,0.0
31,Male,193706,27,28,No,SMS,8700.697912688416,3240.4159304571126
31,Female,132693,41,56,No,Email,7751.431768282039,4606.369840502582
21,Female,66765,24,58,Yes,Phone,7460.84191396284,7139.887602001896
38,Female,128276,15,91,Yes,SMS,2672.722902017851,2237.5351606995164
37,Female,139430,34,94,Yes,Email,2871.491971143223,5409.873879094937
59,Female,197802,23,47,Yes,Email,8811.834056021542,4539.296278711263
66,Male,31546,32,10,No,SMS,9890.772030221819,2914.3106997747495
57,Female,154700,17,78,Yes,Email,310.14203019035125,4379.15082980907
18,Male,176519,20,26,No,Email,8011.395671736109,1770.6540853379615
31,Female,198565,30,26,No,App,9592.218400694552,2622.4659689994287
56,Female,185522,20,12,Yes,Phone,7350.00857948628,4117.870018485913
48,Female,55608,18,44,Yes,Email,6864.961359964283,4526.588895265859
25,Male,156111,4,2,Yes,SMS,8841.932003653572,3090.30786656452
61,Female,140738,3,89,No,App,4923.498652949088,3983.9716715326804
33,Female,46752,44,13,No,Email,6036.9240160803565,2777.0623234034333
48,Female,81720,20,97,No,SMS,1795.6875619059365,3025.125979297834
68,Female,52222,26,99,No,Email,746.3928172530032,1338.8734578741514
44,Female,154403,31,53,No,App,9709.994344488408,4088.1375225105503
23,Female,184787,49,25,Yes,Phone,4333.363338847055,4584.758476268449
36,Female,35964,13,56,Yes,Email,8991.681954486321,5127.869373741964
47,Male,17644,27,22,No,Email,7377.417544077517,1466.9820841155101
33,Male,181242,15,90,No,App,746.2858392695126,412.90270182534664
53,Female,61951,32,26,Yes,SMS,1907.418488409107,3524.7139141212483
61,Male,25568,42,5,No,SMS,8215.779219787893,4118.136441859655
29,Male,192083,8,93,No,App,5667.054881856878,5387.789464763266
30,Male,47558,1,61,Yes,SMS,4278.020122657646,3697.907529190913
56,Female,109344,42,94,Yes,SMS,5771.054363740979,6636.358007012127
66,Male,160790,6,65,No,App,8312.564744389158,4524.419473450831
53,Male,81972,22,77,No,SMS,8201.501638871961,4379.647457773107
36,Female,88871,17,22,Yes,Email,1021.5558368191702,3649.79545745624
65,Female,171403,18,61,Yes,App,8202.628408322846,7574.584068025168
50,Female,154815,1,67,No,App,407.4545812072816,1543.6382840703372
64,Male,194957,44,37,Yes,App,8533.020384729247,6247.117566402608
52,Male,128799,30,49,Yes,App,9333.468252259046,5084.652913509107
19,Female,81049,15,88,No,Email,9644.844116361981,4259.188042782348
51,Female,50609,8,41,Yes,Phone,7326.245373526408,5209.487147473746
26,Female,100996,28,56,No,App,5595.269544761319,3586.9661440713026
41,Male,31923,42,76,Yes,Email,4383.4688680205545,6213.699546144697
41,Male,173230,40,80,No,Phone,5952.09408718859,3502.7813893109173
44,Male,128908,5,81,No,App,10.788486615089798,165.87760350271424
69,Male,112095,14,15,No,App,1672.1360104832638,687.4648362762861
45,Female,145727,40,43,No,Phone,423.3850398292094,1180.1758364449822
59,Male,144667,9,62,No,Phone,6815.664160945847,1297.775921634859
45,Female,116408,6,40,No,App,9907.569500838817,4922.3075597196785
61,Female,13262,7,64,No,App,3050.5204085791484,4420.8573497332745
27,Male,86201,14,79,No,App,6751.564130777121,2708.4464001852502
35,Female,40476,31,79,No,App,5992.898282194767,3893.7036839266057
60,Female,168220,14,32,No,SMS,8611.284582667715,3967.3139184126394
53,Male,34056,9,49,Yes,Phone,821.2460881967531,3593.6935972840292
64,Male,23577,46,60,No,Email,5402.2292545556,2266.734442134162
19,Male,150694,21,5,No,App,6333.942716388728,3042.3460080352456
39,Male,34340,36,71,Yes,Phone,9627.27288181654,5758.556595406507
26,Male,176130,42,68,No,Phone,3905.000286217842,3671.84735171315
67,Female,45491,26,79,No,Phone,2132.4944187332408,3725.9672377247525
48,Male,137234,41,83,No,Email,6303.099569297727,4818.152614554288
34,Male,34916,10,72,Yes,SMS,2156.644112652879,3907.717139670153
60,Male,147544,41,59,No,SMS,5811.045217205611,2721.494518266631
36,Male,76720,40,8,Yes,SMS,2200.881418355215,3807.423047336396
23,Female,131320,12,77,No,Phone,8243.423322379716,4341.060370228327
42,Male,123535,15,46,Yes,Email,3474.789666086836,3366.0698359714766
18,Female,128055,13,92,No,Phone,3164.053403126089,2527.618007277867
24,Male,46163,42,51,No,Phone,3983.768733551567,3621.5729762404744
30,Female,110466,35,7,No,App,9047.816369479326,2738.833861828574
60,Female,139015,7,91,No,Phone,557.4382985232406,962.188101232467
23,Male,54528,21,97,No,SMS,569.7918014631431,1018.4137510109906
28,Female,117869,49,90,No,Phone,337.42008779929944,2100.877473448697
20,Male,92639,23,14,No,App,6006.414945653935,3681.651503155966
53,Male,85980,35,78,Yes,App,963.6151308367591,5413.282972368705
37,Male,149711,45,15,Yes,SMS,5107.796778199171,4467.058296061965
39,Male,144309,5,56,Yes,Phone,3757.370711969534,3368.7038420508406
44,Female,148100,20,60,No,Email,4283.842077381529,2774.540532837733
56,Male,87654,41,73,Yes,SMS,5655.017304142568,4889.624477647709
60,Female,150173,34,37,Yes,App,4266.102182451539,4440.6118598498415
26,Male,182692,37,95,Yes,App,9123.832147360248,7616.7674654506445
47,Female,54002,15,25,No,Email,8180.047085333167,1222.559396925497
44,Female,93848,49,7,No,App,4944.810770640846,1301.316710679733
29,Male,88634,49,45,Yes,Email,289.26816612805607,2948.884289786902
69,Male,160090,6,30,Yes,Email,5152.631621248892,3470.443437670143
46,Female,126670,15,52,No,Email,5789.610689273175,525.7655330483626
38,Female,35076,12,77,No,Email,9275.76308708762,3607.6304627237037
35,Male,175779,26,4,No,Phone,9426.165282543863,2819.1179689405985
58,Male,186654,44,26,Yes,SMS,9180.494295483242,6094.83904339508
24,Female,12845,27,4,No,Phone,7874.625683566842,2487.329749167779
27,Female,70601,1,11,Yes,Email,8699.19503606264,5736.908506624704
55,Female,143520,28,46,Yes,SMS,5137.281793047754,4300.525991474229
59,Male,79972,35,84,Yes,App,5021.718626145753,5891.2984930530365
29,Male,76473,8,6,No,Email,7133.416799242619,1833.833107218433
66,Female,24952,41,34,No,Email,5171.314810562493,2779.25757371259
61,Male,94580,38,29,No,Phone,1187.336267481597,123.45122867831424
67,Female,28238,40,55,No,SMS,7573.336544812202,2620.498363886868
54,Female,188555,9,46,No,Phone,3093.8696226184416,2355.371548938073
51,Female,132193,11,43,No,App,7414.807494094285,2950.065541929001
67,Female,70399,47,75,Yes,App,4785.426130345948,5795.437915787286
67,Female,44892,1,8,Yes,SMS,2449.083288182643,2421.2505119525545
45,Female,166548,36,35,No,App,368.08499163318186,1595.5768895236974
32,Female,137600,19,47,Yes,Phone,6054.750762819839,5655.620643858003
59,Male,68322,45,22,Yes,Phone,1036.400600787395,4393.956972546339
19,Female,45310,39,93,No,SMS,2872.9665200875334,3293.7017699830717
45,Female,188744,25,89,Yes,SMS,8608.356541561654,7306.553030830656
69,Female,94527,5,72,Yes,Email,739.0704938148651,3221.249116118701
28,Female,63101,14,1,No,SMS,6181.779496580147,3269.6839366069935
47,Male,56488,43,2,No,Email,611.5221713556973,273.01573861389636
33,Male,139870,29,44,No,Email,7485.187783738493,2605.3175607585254
43,Female,132817,9,63,Yes,SMS,2292.877873295407,3615.1120911219145
25,Male,167439,10,20,Yes,App,6250.682459396853,3905.392958638669
38,Male,50429,28,44,No,SMS,6851.07926025738,2039.9416859528171
27,Female,164706,30,81,No,Email,408.52883935157956,0.0
65,Male,30836,43,87,No,App,9191.986073539852,4178.97752116128
52,Male,40156,40,92,No,App,3750.051720781481,2922.2325641931866
43,Male,140938,48,87,Yes,App,792.0762025186145,2699.3338660052486
57,Male,171953,29,58,Yes,SMS,4809.050648419505,5218.295032887638
42,Male,159870,12,62,No,Email,5369.613147552569,2420.2645397912297
44,Male,72964,6,86,Yes,SMS,947.8789901907747,3809.3394501568646
48,Female,172108,36,36,No,Phone,7892.768128916497,2473.453303051282
48,Female,170082,24,26,No,SMS,7435.572669395808,1552.6281641781359
49,Female,68382,48,51,No,App,7586.410531156847,2408.5044886156797
68,Female,197245,35,18,Yes,App,5331.325535136244,5919.434391835077
51,Female,31502,37,47,No,SMS,7603.254937344106,2526.908013662394
57,Male,71532,48,16,Yes,Phone,9797.863726473273,4514.29212359233
46,Male,162749,42,1,No,SMS,293.3165735663579,0.0
49,Female,23681,11,29,Yes,Email,5361.505882984772,2435.582380362216
35,Female,43395,21,55,Yes,App,7075.444737482017,4658.593005260302
41,Female,149764,33,27,No,SMS,6992.840595642126,3874.9592199710605
28,Female,21067,9,18,No,Phone,7470.2794488317,3184.636058485738
31,Female,152288,38,1,Yes,SMS,3906.611115543276,4228.961157255984
33,Male,195416,28,37,Yes,Email,7212.907257331825,4417.387113789975
54,Female,139353,39,22,No,Email,63.606590221332304,145.35884598771196
31,Female,79875,15,91,No,Phone,3739.6799221717824,768.0199951010013
32,Female,120714,22,12,No,Email,4747.434844036274,960.0425824642414
29,Male,53496,5,33,No,Phone,8060.711828149656,3206.4372288603577
38,Female,87047,46,87,Yes,Phone,2766.3360959392603,5115.936446759157
31,Female,190757,4,62,Yes,SMS,8616.96363163305,7094.605002567098
45,Male,59022,49,77,No,Email,7482.146928576022,4753.102067888255
67,Male,183486,5,63,No,SMS,2975.4958843115996,3065.2612736201586
55,Male,124321,43,65,No,SMS,5543.436124928308,3792.116983533053
28,Male,15911,18,2,Yes,Email,1603.9081707811843,3025.8242165002102
55,Female,100497,36,50,Yes,Phone,5542.607028941217,5971.761445290959
53,Female,49813,35,46,No,Phone,1786.8225483109522,0.0
51,Female,126237,29,3,Yes,Email,436.58266306627945,1887.2166670934466
66,Female,102120,15,5,No,App,8968.34963935359,2442.908099741352
24,Male,65448,24,44,No,App,5269.00552051578,1865.3237423578148
51,Female,149931,23,45,Yes,Email,9562.426358085639,6024.5268967365855
39,Male,87826,4,47,No,App,694.4336706838772,714.1785640206415
54,Male,132168,33,4,No,Phone,9362.935803591228,3626.6631532575802
53,Female,186068,23,31,Yes,Phone,3006.372654382655,4606.728332211731
63,Male,70231,15,7,Yes,SMS,8568.782719776427,5972.207436795072
52,Female,190044,6,16,No,Phone,8718.4149018863,3001.5516376393066
45,Female,100815,24,44,Yes,App,6334.318590716513,5428.454049841082
44,Female,63045,15,78,Yes,SMS,3593.1374133558634,3072.7847920214135
26,Male,10630,48,61,No,App,5314.093041187447,4001.1651150057887
36,Female,142612,31,67,Yes,Email,7736.218346199253,6908.64557416191
38,Female,79666,24,23,Yes,SMS,3275.0241127529266,5890.269197959349
44,Female,85165,33,86,Yes,SMS,1064.8782005212054,5719.667174794651
39,Male,29526,18,55,Yes,App,9227.887260841355,6123.397025777635
56,Male,151398,33,34,No,Email,8265.900196542527,2473.794070710438
26,Female,12333,9,81,Yes,Phone,5268.574193509523,5245.659755294865
58,Male,20194,38,65,Yes,App,4807.348417016636,3969.591572794646
43,Female,111533,48,21,Yes,App,5022.431808114242,2602.910111283216
51,Female,56130,2,77,Yes,Email,7099.784991194971,6060.1512277145
58,Male,100111,36,42,No,Email,8747.437387694554,2248.1348098981475
68,Female,83911,19,68,Yes,App,8635.082027039596,4016.740963704611
62,Female,57640,12,45,No,App,6939.407932270359,3664.6622615789674
21,Female,39558,29,13,Yes,Email,7773.169499363832,3875.680602235357
21,Male,75237,30,62,Yes,SMS,6346.564137319767,6086.346220650929
49,Female,120988,20,5,Yes,App,2865.7178496624315,2552.1329043367136
64,Female,59101,1,50,Yes,Email,6301.714860536022,4504.251613067608
58,Female,194445,5,59,No,Email,6617.723333533448,3181.7240110069447
49,Male,98661,21,81,Yes,App,8833.766324763063,5489.937119934874
19,Female,65416,18,98,Yes,App,2248.814178328885,3074.168923646328
45,Female,82787,40,60,Yes,Email,6252.309798974194,4682.872389925541
56,Female,59947,28,96,No,App,446.53276145088074,1315.0770799270833
63,Male,136534,2,91,Yes,App,438.80564230263985,3754.3627375420992
20,Female,155688,37,1,Yes,SMS,7834.04845943455,4094.358647493161
69,Male,52841,7,51,Yes,Email,4216.069500163767,4864.618494082741
57,Male,135401,35,34,Yes,Email,2593.5978314803197,3694.0462466865424
59,Female,197890,3,44,No,SMS,9790.602840077725,3430.9934445475305
22,Male,168346,29,46,Yes,Email,7484.757574099706,5465.117982362817
24,Female,169379,25,50,Yes,Email,5203.33552534564,5779.04330816043
32,Male,97910,39,42,Yes,SMS,123.91442155410104,4016.0955194794133
44,Male,197833,22,89,No,SMS,2968.512818800885,2957.9058253506864
61,Female,28536,1,48,No,Email,8951.997426856726,3044.276196079235
69,Male,148583,40,39,No,Phone,4843.723432795254,1119.9861448957267
18,Female,141739,34,77,No,Email,6811.894060317087,2479.401486951053
55,Male,197961,30,91,No,Email,462.50330189806954,2476.422029447368
57,Male,194695,28,29,No,Email,8232.17296374325,3722.7048934917425
57,Female,148659,22,96,No,Phone,1023.2086528722195,2593.6916314245323
41,Female,69178,23,62,Yes,Email,9815.799210472032,5383.081862887524
59,Female,181158,22,27,No,Email,7451.243208382534,4129.784722999446
63,Female,90642,39,12,Yes,SMS,8935.788840044283,3999.5483650318265
57,Male,106747,25,87,No,SMS,977.3911996587093,2452.33151241992
30,Male,129926,2,1,Yes,Email,2952.874318818686,1495.662615617674
39,Male,58485,5,22,No,Email,115.04074969690303,1199.7147247371458
61,Female,94715,49,21,Yes,App,6992.778691833408,4459.0216677534245
57,Male,75895,12,57,No,Email,2584.5448712824527,2571.621012478363
22,Male,178293,1,12,Yes,Email,677.5266231076226,2554.6744305069847
60,Female,151053,20,46,No,Email,4985.647501801931,2773.046970522389
21,Male,112422,8,41,No,SMS,3918.0758271603554,2594.906549590659
54,Male,54652,38,2,Yes,App,5727.8035126762325,4309.768148205561
18,Male,72512,35,94,Yes,Email,5327.409249979154,5300.904586111209
67,Male,45315,3,49,Yes,SMS,3030.708197858423,3482.990366239869
44,Female,156216,8,49,Yes,Phone,1903.6691429625087,3605.5681642032714
64,Female,182546,38,18,Yes,Email,2232.779744646085,2331.435696554139
30,Female,30216,2,40,No,App,8530.193454648374,6207.31454698811
50,Female,166085,47,45,Yes,Email,6115.839342700062,4353.373240141225
61,Male,122154,14,49,Yes,SMS,752.830323341065,3654.8020481449753
48,Female,104176,39,71,Yes,Email,1355.773863713875,3225.1133558347715
60,Female,117777,44,81,No,Phone,9638.448683337934,4545.92595500706
30,Female,125758,35,11,No,SMS,6165.537308788216,250.6476910778756
33,Female,110818,1,25,Yes,SMS,4775.743146375714,3764.4417508693855
47,Female,75657,40,82,Yes,SMS,6103.084342169241,6316.903086424524
66,Female,138785,28,22,Yes,App,1161.4611422533926,3559.1094762533507
39,Male,25519,6,41,No,SMS,8497.580543197157,2428.550453961947
30,Female,15065,2,99,No,SMS,8404.101229332537,3514.71558780274
29,Female,199222,27,47,No,Email,5989.822298384741,3238.5070706526585
37,Female,114576,8,52,No,Phone,6549.270791555271,1557.700634159342
50,Female,29956,42,17,No,SMS,4832.866196123487,3377.5944460775954
57,Male,126571,32,41,No,App,4488.024047191735,4116.332145290741
25,Male,47176,47,39,Yes,SMS,3450.3930016840754,5083.864647927659
60,Male,27208,26,19,No,App,3391.310265937756,785.7811066528385
61,Male,116067,34,89,No,SMS,3549.4455829054637,4902.736321964741
22,Male,14996,21,98,No,Phone,9329.484262102742,3829.3743555181695
31,Female,189940,39,67,No,Phone,8150.396545745334,3790.9492034402415
33,Female,41473,4,41,Yes,App,8127.417693133958,5494.86743984441
48,Female,63268,23,75,Yes,App,9914.73880479742,6925.626236183765
41,Female,20092,19,2,Yes,Phone,1195.877669856946,3275.8007365712583
41,Female,115185,40,31,No,Phone,9736.393083525136,2935.6032428257995
45,Female,68758,22,34,Yes,Phone,5315.06600832245,3165.379560419964
53,Male,141823,26,93,Yes,Phone,7362.73801267797,6121.654666489853
47,Female,125317,9,67,No,App,1832.2981297955198,2889.310930787517
55,Male,117490,23,34,No,SMS,4179.109359540378,1736.602765753385
36,Female,97830,37,12,Yes,Email,8193.162456959477,5696.272034476929
64,Male,80784,8,57,Yes,App,4934.614149345942,2401.979463496639
44,Male,103583,7,71,No,Phone,2515.384789444416,559.9026954636058
60,Female,188004,40,26,Yes,Phone,5654.60184659765,4889.138930432474
49,Female,87495,36,95,No,App,8810.76696499392,3462.5075374396592
51,Female,159840,5,55,Yes,Email,1467.6769174369974,821.0952267949829
49,Male,13104,23,85,Yes,App,3456.808212361222,5385.291193490353
49,Female,60180,20,63,No,SMS,6355.241768335842,5143.695338184704
33,Male,144500,33,38,Yes,App,9555.91861579662,7376.115523645949
40,Female,85284,16,6,No,Email,8873.856924815042,2895.3112715464476
44,Female,195124,2,59,No,Phone,6709.558472916565,3160.914344904914
24,Male,159093,7,66,No,Email,3336.026500812199,1419.0212011813137
47,Female,126826,13,16,No,App,1800.6755420947895,1104.1380374097273
27,Female,177123,44,91,Yes,App,624.3683423853086,3857.5783773622215
19,Male,188154,38,99,Yes,App,939.9570181873073,4250.767416666569
56,Female,190104,24,35,No,App,9686.512689584255,2175.545144462807
20,Male,134614,6,71,Yes,Phone,7842.529824401498,5523.682535932964
35,Male,66258,43,13,No,App,3092.3140719283783,266.1406748779551
29,Male,114429,44,70,No,Phone,3537.0108984878757,2057.4996846036615
49,Female,58350,25,7,No,App,3275.4459043434567,1248.8153769356538
22,Female,48613,28,59,No,App,2288.801527813966,4535.42455819854
50,Female,90244,10,44,Yes,App,4967.032358721529,4636.045746777764
19,Male,71316,41,40,No,Email,5382.873475609526,3900.328148041547
64,Male,169108,23,37,No,SMS,5927.2684023270385,3709.0980053274293
54,Female,127368,2,66,Yes,Phone,2795.7172602172354,4859.669513564127
58,Male,56185,19,52,Yes,App,7879.395116701929,6228.636902815517
50,Male,35456,29,82,No,App,4184.63267625239,4053.960937140139
47,Female,97404,6,76,Yes,App,1882.7002484896261,2878.0481907140393
56,Male,163060,16,4,Yes,App,7617.418298052891,2104.6401036770276
33,Male,28450,46,62,No,App,4016.2605823696717,3725.708726150677
54,Male,150906,34,6,No,Phone,4193.617389501084,2114.911093088554
24,Male,35338,39,88,No,App,6834.289006772516,2977.886513505381
37,Male,78228,40,47,No,Phone,1884.8410004465877,2169.450701929913
51,Male,60023,29,80,Yes,Phone,9363.598538992435,7544.926403180315
43,Male,49514,37,1,Yes,SMS,6300.342991799633,3605.8202549684893
54,Female,40260,6,49,No,Phone,6221.515652505687,3615.9527598823665
50,Male,132417,8,6,Yes,Email,2616.987843077232,2666.56032207118
41,Male,194551,6,25,No,SMS,7055.225561305124,2454.821370958298
48,Female,196471,13,14,No,Phone,135.23624950843026,0.0
47,Male,56616,43,74,Yes,App,2824.11466250583,4671.760042236036
37,Female,59831,30,3,Yes,Phone,1556.8306158474077,4333.986376048609
64,Male,105283,47,47,Yes,Email,282.0727332189243,2884.0067629544087
43,Female,73071,5,14,No,Phone,4168.713787269185,1925.71976925968
27,Female,187684,45,34,No,SMS,1971.1871131765968,2551.1396655941853
35,Male,30122,44,41,No,App,6138.925025323567,2674.457512324806
24,Male,184387,24,33,Yes,SMS,5413.552418853193,4507.891514046707
30,Male,40573,14,89,No,Email,5826.315256037739,3118.161403897164
42,Male,89895,12,64,Yes,App,93.92260266226748,5382.14048939697
36,Male,49845,11,71,No,SMS,3513.075471801367,2657.937361842084
40,Male,105742,2,86,Yes,Phone,7455.19763687779,4916.4283681712905
40,Male,74142,16,46,No,App,7655.776298051123,2737.9379374855453
28,Male,107977,46,76,No,App,415.6448162637272,2621.4953980952896
63,Female,164485,12,56,No,App,8282.255754590258,4307.341266870741
33,Male,23627,19,9,No,App,8110.90024196857,2120.726930912435
25,Female,106981,38,39,Yes,App,3944.0578573883777,4351.9559003644645
18,Female,81919,47,60,Yes,SMS,7017.160532126099,4565.641230704753
27,Female,134242,5,33,Yes,SMS,311.02522551772705,2921.689437941778
43,Female,30243,49,52,No,Phone,702.1396538683599,1714.6509161848849
55,Female,81028,38,36,No,App,518.7086661294005,1042.1121346833213
31,Female,120750,10,11,No,SMS,9453.967514920016,2847.9503015081677
38,Male,33776,19,20,No,Email,9488.681968446881,2298.0479512408733
30,Male,186848,8,79,Yes,Phone,5078.245134020463,4428.379815693934
69,Female,199836,21,7,No,Email,1777.9530258578425,2057.9052240314577
40,Male,101538,39,11,Yes,Phone,2105.7308020614805,3377.8306628435535
49,Female,58497,43,6,No,App,974.4501143635365,2012.0459174393047
19,Female,152056,46,31,No,App,7150.0064331772055,2543.5327618164006
55,Male,138778,42,37,No,Phone,3699.610630270068,2153.380856875988
49,Male,136830,22,38,Yes,Email,2465.2585919598646,4319.024054851188
22,Female,96528,37,86,No,Phone,3992.0560522480096,919.1189769166256
59,Female,180854,46,65,No,Email,8972.02587032185,4428.0191515107535
24,Female,121577,6,26,No,App,333.5441178951382,258.2530576474309
54,Female,137273,1,22,No,Email,4354.578766918749,520.7763164400724
20,Female,33971,26,99,Yes,App,9404.993429554163,6326.983402786605
26,Female,34807,2,53,Yes,App,9433.069360194122,6088.691546978084
22,Female,193686,13,35,Yes,Phone,2719.2326061421577,3552.0113972431327
62,Male,112668,27,41,No,Phone,7779.995162634434,5259.568782693811
29,Female,85007,15,63,Yes,App,803.274615479952,3248.743470806824
45,Male,136181,32,48,No,Phone,4268.878672081374,1869.5331140599562
42,Female,125080,16,54,Yes,App,8029.529464071775,6240.479884513054
67,Male,133395,45,92,No,Phone,5199.573247430955,2540.0000663868245
68,Male,76004,32,13,Yes,Email,7283.9498879982875,3047.92530335114
38,Female,113802,7,99,Yes,Phone,3625.079495618261,6153.220706681992
31,Male,169243,46,95,No,Email,217.2255714318816,782.2366305378716
18,Female,57768,4,81,Yes,SMS,5532.131183658417,5588.80235177118
30,Female,92902,25,13,No,Phone,6950.750225246171,2214.7822427234923
40,Male,187102,34,98,Yes,SMS,5158.324704499612,6186.625124056082
31,Female,47087,4,62,No,Phone,456.2869793453417,1365.728721215778
27,Female,177771,20,54,No,App,4301.53289635054,1532.855063258451
46,Male,36314,45,41,Yes,SMS,8227.555749221301,4587.662465950535
33,Female,55778,27,87,Yes,Phone,1398.933482377308,4295.411246427344
25,Male,33195,45,99,No,Phone,6924.799570378872,5154.168472862038
36,Male,113355,28,67,Yes,Email,7744.587208662074,5060.323276318943
41,Female,165903,25,85,No,Phone,3068.2005763630405,2555.732516831519
67,Male,16465,18,64,No,SMS,4743.406731999817,4553.597451392275
50,Male,162501,40,6,Yes,Phone,452.2686347110338,2786.9363660012077
22,Female,43330,11,80,No,Phone,2805.3281291140997,2475.951215358259
34,Female,74278,14,84,No,Email,7629.354239991424,2726.137941447884
67,Male,65236,8,87,No,Email,2273.6417956126475,3208.8131217338696
45,Male,137201,7,80,No,App,7075.1216041758835,4642.236809838283
39,Female,191832,17,83,Yes,Phone,3272.6039911219896,4489.159609934461
69,Female,16431,5,8,No,SMS,5802.502545127931,851.8416862087302
21,Female,131876,39,99,No,SMS,4602.926214923288,4414.0211541425915
58,Male,153758,4,49,No,SMS,6182.420299215249,1986.249895076318
25,Female,19391,23,69,No,Email,8292.634253923276,5439.924183569955
22,Female,154557,4,78,No,Email,2315.862338896516,3464.9501001710105
27,Female,155084,15,2,No,SMS,3146.1033107111193,924.3821932640476
26,Male,100815,23,10,Yes,App,4900.594643966418,3772.47193937371
67,Female,31094,39,87,Yes,SMS,6881.11946687622,6506.959049183469
52,Female,154088,38,3,Yes,Email,5389.723420564934,4649.300341235125
36,Female,82482,8,94,Yes,Email,3944.288255368664,3773.9534040048197
42,Male,196953,10,27,Yes,Email,8135.4068794232435,4984.7115389641685
37,Male,163449,2,38,No,SMS,9683.696963790288,3606.636468153287
22,Male,12500,33,71,Yes,SMS,1800.9453953693455,4992.716610527402
37,Female,43240,7,60,Yes,Phone,4137.760353207056,4777.199816604062
26,Female,104182,7,95,Yes,Email,8368.578673020782,7122.705402236119
21,Male,191524,48,7,No,Email,2218.50314109822,651.9995561202177
59,Male,167244,36,7,No,SMS,5111.0547940976785,2046.9009783434235
67,Female,51643,19,93,No,Email,502.2744790053846,2155.3150561708453
27,Female,39529,7,68,No,Email,1315.6971268297723,1099.2011586103822
30,Female,49653,22,21,Yes,App,5140.9983356367065,4010.7411134093804
19,Male,91325,13,65,Yes,Email,1722.1524761100748,3988.0438027199734
59,Female,164919,49,70,Yes,App,8635.727945113325,7262.3060568577275
64,Female,62402,36,34,No,SMS,4391.068077333109,2336.050482065181
30,Female,112780,14,7,No,Email,293.3312189167991,162.86375366710791
69,Male,54913,42,93,No,App,6882.682689961272,1850.9716918477206
33,Female,95323,21,33,Yes,SMS,3012.528316956069,2674.012279060058
65,Male,60940,28,54,No,Phone,2901.339939394516,3298.9091658842117
63,Male,31050,15,8,No,App,7261.0669860325415,2556.3800564624116
43,Male,149560,42,52,Yes,Phone,3591.954817597426,3718.840400343891
52,Male,99839,35,76,Yes,App,8293.767616012556,7208.559445145214
59,Male,83233,40,87,Yes,Email,9825.968076777117,6075.339995899609
59,Male,140041,24,77,Yes,App,2797.2593122181543,5286.341700843965
50,Male,76105,43,50,Yes,App,6703.234845305711,3512.6806659600397
60,Male,157112,21,51,Yes,Email,4702.469670777113,4039.97847714292
60,Female,156230,24,82,No,App,4571.537977055764,4219.851376668859
30,Male,181478,25,38,Yes,SMS,5373.601439716836,3816.01485004256
67,Male,76689,27,58,No,Phone,4648.849504502249,5610.518518519722
43,Female,56250,49,99,Yes,Phone,295.1391138762782,2818.5782598166647
55,Female,186024,12,37,Yes,SMS,6832.388583275581,5646.010978336448
25,Male,119086,23,52,No,App,6121.587922422006,3270.5824074581774
60,Female,50619,18,10,No,App,7517.5391246434365,2796.8247268447058
54,Male,144931,27,85,Yes,App,4000.5423540295606,5688.7641924475865
43,Female,18381,49,95,No,Email,8448.861301160867,4372.683691371723
59,Female,173380,12,78,No,Email,244.4410957696519,0.0
25,Male,121640,49,86,No,Phone,9874.215922739093,4322.120404460874
44,Male,178502,19,89,No,Email,349.79926113675396,3800.7351548102506
63,Male,66916,6,49,No,App,4667.192967997291,3292.159399523728
65,Female,29357,1,17,Yes,App,960.3621593363176,1497.4200277999455
49,Male,182900,27,98,Yes,SMS,8712.217725039332,6156.78853866265
51,Male,166408,14,87,Yes,App,3347.1305508641503,4491.786586654062
63,Male,176804,16,13,No,SMS,3996.4743210534857,2217.7650841148707
59,Female,16763,35,29,No,Email,4943.163594251347,1485.7326166078337
64,Female,95582,15,28,No,Phone,1316.4420053822123,0.0
58,Female,152705,21,12,Yes,Phone,6783.046150493154,5826.243769074364
22,Male,159494,45,45,Yes,Email,8356.242709292766,5226.472161831502
49,Female,93901,10,79,Yes,App,7460.501972610789,5899.259335224987
54,Female,163069,5,54,Yes,SMS,248.637595702198,2390.744919218263
29,Male,160949,42,44,Yes,SMS,9459.46491631981,7946.760384032501
59,Female,71896,42,26,No,SMS,6299.030926417294,1842.3805187033997
39,Male,42372,25,39,Yes,Phone,6184.497790154012,4416.396727223864
48,Male,118797,31,71,No,Email,8326.299019520044,3203.1745465216477
48,Male,95302,30,3,Yes,Phone,5757.569560841605,4912.574707069356
60,Female,13330,27,63,No,Phone,5970.351210058589,3250.5599255325083
57,Male,121253,29,35,Yes,Phone,3282.7772675567167,4627.410524422071
51,Female,88547,29,86,No,Phone,740.669225283056,2920.8581748301276
49,Female,38107,35,95,No,Email,392.34281711800213,1312.7165859262254
19,Female,146503,15,75,No,Email,2243.1950391521236,4010.8432622037244
68,Female,12152,14,78,No,Phone,2426.4949066844065,1125.9500084136087
68,Female,193874,23,2,No,SMS,9399.142948635072,3332.2618622060954
33,Female,54867,6,37,Yes,App,8068.367425892386,4732.621161690621
67,Male,144574,32,75,Yes,Email,5140.533999418503,4165.909093930207
53,Male,196142,17,40,No,Email,7091.22121077776,2877.2645343216823
40,Female,102889,41,51,No,SMS,9.794698706814264,0.0
31,Male,23076,42,98,Yes,Phone,3276.468286722031,5359.914505379547
37,Male,189828,30,14,No,Email,9593.876340302348,2262.723466638122
56,Female,61167,24,85,Yes,Phone,9460.338754997581,6825.4880150821
48,Male,33945,7,30,No,Phone,3563.8031524399626,956.5283610912923
37,Male,44067,13,38,No,App,9796.799180386111,3326.067784866208
34,Male,54854,14,55,No,App,2300.493384377488,2619.6103847204304
53,Female,105927,40,31,No,SMS,1089.8820282786126,1698.1212015174945
49,Female,78500,3,64,No,Email,976.683843070495,714.638783709406
42,Female,122369,36,24,Yes,Phone,3895.1100418949413,4169.850993272912
43,Male,120140,40,18,No,Email,5947.523346768748,3185.2637762928894
25,Male,48447,1,96,Yes,Email,1207.826724877723,4959.7775824349355
20,Female,128488,16,79,Yes,App,7256.054397514229,6931.267209465802
21,Male,179003,2,60,Yes,SMS,7025.482865642913,4685.196902631502
45,Male,23105,12,33,No,App,167.6435760795736,693.5191436765101
65,Male,144055,16,73,No,App,825.3806755637661,2456.125570698523
63,Female,188460,42,41,No,SMS,7547.5957425716015,3805.8699059112137
54,Female,45826,35,70,No,Phone,8854.266430568765,3244.9478831424967
32,Male,78756,26,48,No,Email,904.0930030584183,0.0
59,Male,11447,12,92,Yes,App,5792.462129984492,5459.923249882485
24,Male,111045,48,86,No,App,4391.678722695647,1962.5931962634966
65,Male,91670,37,95,Yes,SMS,6170.8339495854425,5988.846553265411
19,Male,103318,2,66,Yes,Phone,669.0797887449073,2820.017486255255
43,Male,197774,41,26,Yes,Email,2048.0574645865113,4250.301378985362
44,Male,22590,19,85,Yes,App,3214.756100218533,5949.687387783825
44,Male,127947,23,9,Yes,App,6598.3217420707,4497.070561592928
33,Female,59684,24,77,No,Email,9264.400420468724,2986.513005546204
28,Male,57853,31,89,No,SMS,3331.0967970729735,3546.0697010276454
59,Male,192670,31,84,Yes,SMS,9805.872741422187,5942.892086498536
30,Male,192516,6,69,No,Phone,2082.5444936869008,1981.5435909626094
62,Female,183698,27,9,Yes,SMS,3848.643889198923,3085.4798742036937
19,Female,95316,13,61,No,SMS,9371.22599069679,2830.1778319874584
43,Female,53067,17,30,No,SMS,9635.40503673779,2887.0782394039466
59,Female,189408,20,63,Yes,App,7384.629457366287,6595.600446867476
33,Male,49856,48,86,No,Email,5124.045116542621,1995.3482215875908
54,Male,13592,21,98,No,App,338.36905528975115,2011.2427771939326
35,Male,46629,43,66,No,App,3849.377109814739,2204.0251511481465
63,Male,181881,29,73,No,Email,4563.931588152833,3137.3418004128225
37,Male,31902,16,67,No,App,5867.566824696688,2314.2259545472402
55,Male,88911,4,86,Yes,App,5006.309307193692,4988.408836107102
47,Female,175655,49,43,No,SMS,5548.280150336665,1508.3978436071457
22,Male,138986,14,26,No,SMS,7784.257822851103,3354.888891394244
48,Female,16572,19,91,Yes,Email,8915.121707508119,6823.305419599748
40,Female,81083,6,63,Yes,App,6359.608311056677,4586.707728913184
36,Female,148686,48,6,No,Email,3048.878457950036,2700.5267137734936
21,Female,84820,45,54,No,Email,3039.4439579118516,2169.7747282909963
48,Female,174246,28,55,No,Phone,995.5791970410766,647.5718164615761
35,Male,77093,16,61,No,Email,8118.359757880965,3213.1246655639043
67,Female,11669,39,68,No,SMS,4532.649534223376,837.157633576468
23,Female,49243,41,25,No,App,8186.847104385467,2358.005145189017
43,Female,34747,8,80,Yes,SMS,6772.21274521494,6008.438076875461
66,Male,35910,19,48,No,SMS,8405.983127271738,3415.311334889587
61,Female,126893,41,72,No,Phone,4341.896760756071,2563.1120288407596
47,Male,122542,16,22,No,Phone,7951.652224386745,3404.3898249752046
25,Male,105259,14,40,No,Email,821.0396325242541,0.0
22,Male,133606,45,24,No,SMS,2248.760773549393,1464.0792061365948
30,Female,179297,8,98,No,Phone,2796.5147658735123,1970.3069978200801
34,Female,82766,6,11,Yes,SMS,8143.074851098791,4996.0101191999465
35,Male,155268,38,54,No,SMS,6394.070495409203,3656.239148343759
50,Male,52204,33,15,Yes,Email,9284.040673854894,5925.952694145089
46,Male,103433,33,43,Yes,App,8075.732811306237,6308.1032337250845
44,Female,195616,11,7,Yes,App,1183.8021422347322,3477.0701663597256
66,Male,107945,14,19,Yes,Phone,7651.752132662595,5135.453895202036
49,Male,143251,40,27,No,Email,3726.699815916534,2968.7588366438204
46,Female,42444,3,63,No,Phone,8337.438884385747,4226.912716161806
37,Male,137858,22,51,No,Phone,1133.6218746499706,457.1485753182112
40,Female,186077,28,98,No,Email,1613.5362877237014,2682.2675135432055
41,Male,48391,2,55,Yes,App,8140.984867147975,5432.467060284007
53,Male,18955,48,11,No,SMS,1833.8632456462044,1121.1433793439091
26,Female,46159,2,35,Yes,Email,7140.868488268645,6514.498968302897
56,Female,65127,24,26,Yes,App,3965.1121470889884,5281.416479124065
29,Female,13665,27,8,No,App,5991.444862846981,3559.6021040667133
49,Female,41134,20,46,No,Phone,4292.81052328623,2665.819644165425
48,Male,98947,15,37,No,Email,644.8759573652851,2337.449691999399
43,Male,58407,12,19,No,Email,48.87845327283369,1902.9765730260765
23,Male,169828,22,69,No,SMS,3271.704537654986,652.3957243066795
23,Female,195768,49,28,No,Phone,9027.471779479738,1461.3734727298774
27,Female,161320,37,33,Yes,Email,7722.058981562969,5071.033659642958
47,Male,64053,21,97,No,App,2709.868062546322,3454.0303265429657
24,Female,25368,17,77,No,SMS,3142.532616583288,2061.562412321974
56,Female,44463,4,53,No,SMS,6045.098818681072,2349.713253193855
50,Male,173872,18,22,Yes,Phone,2288.6890497231725,2859.3742143508953
62,Male,178575,41,71,No,Email,7164.180809363631,2665.9418584538544
68,Male,49090,30,93,Yes,Email,2316.589710931882,5160.545682216843
69,Male,163438,27,33,No,SMS,149.3618396950924,396.5094617682955
22,Male,15061,19,19,Yes,Phone,8715.599386163492,5579.621362994466
68,Male,80923,13,60,No,Email,5614.109570537291,2729.2543153020424
47,Female,133149,35,35,Yes,SMS,6675.281510885613,5497.819299629119
36,Male,19656,45,63,Yes,SMS,4463.716217364754,4834.297153185853
26,Female,190279,27,94,Yes,Email,137.73432464335156,3782.637946835174
29,Male,53577,17,19,No,Phone,1234.471079896341,0.0
28,Male,185735,7,94,Yes,Email,2235.6391344426106,4833.558024233226
21,Female,65798,6,19,Yes,Email,3338.485728127806,5292.98122746604
31,Female,87634,45,48,No,Email,6915.241185645752,1770.9444378984238
69,Female,155913,22,80,No,Phone,4524.879076410786,2391.068407961902
28,Male,54367,36,87,Yes,Email,7527.151782586301,7114.285136788896
38,Male,166804,3,7,No,App,7903.2943665626735,3277.5161528225226
27,Female,82582,39,91,Yes,App,3010.752663675137,4438.5536097953445
66,Female,52501,5,53,No,App,9754.022815662693,4028.1451705534782
49,Female,186887,9,73,Yes,App,7605.778154925479,4796.478001353641
57,Female,189094,3,8,No,SMS,182.49856037930056,0.0
26,Female,73044,44,59,No,Email,2825.721933214075,1697.4932590324465
29,Female,125358,45,81,Yes,App,1670.3231984694078,5572.481179585367
60,Female,70764,39,67,Yes,Phone,3884.70600154821,6671.385739438892
68,Female,191676,49,43,No,App,9669.059637007276,1872.1327861709958
35,Male,140081,13,6,Yes,SMS,4307.059600969817,2759.3618112196227
55,Male,134594,41,30,No,SMS,4626.634501813779,1294.0033758597144
43,Male,148973,40,18,No,Phone,3489.138174702009,1562.4761096752063
40,Female,65268,13,97,Yes,Email,54.517452859920155,3796.5775945151972
49,Male,66833,2,75,No,App,6668.686704887296,4531.895625860625
47,Female,98261,27,61,No,App,8983.994459216961,2352.3766678067877
47,Male,172208,13,66,No,Phone,8242.607396798445,4770.082969330862
30,Male,186500,33,73,No,App,3246.6358498918867,3605.764238004731
33,Female,105976,22,15,No,Phone,2593.926264240235,985.4143200862846
31,Female,119066,29,52,No,App,5228.638686319993,1054.0613646577685
40,Female,63252,30,72,Yes,Email,8984.923826546928,7278.742893929728
38,Female,131396,28,8,Yes,App,6062.9766958450955,2976.7267185533365
55,Female,111515,27,71,Yes,SMS,7931.605381950353,6092.1769232233255
50,Male,173831,35,48,Yes,Phone,7505.269490364144,5980.0448242003595
27,Female,18463,37,3,No,Email,6795.992628541604,1409.657592622511
22,Male,32450,44,16,No,Phone,5703.402977689471,1846.788608365573
35,Male,72007,39,56,Yes,SMS,9282.850714862272,6344.759583723551
52,Female,31580,19,87,Yes,Phone,3103.9595285249657,4773.753921328003
42,Female,110276,17,13,No,App,4568.927303815545,1460.329554581153
38,Male,197452,2,24,Yes,Phone,8873.317710522588,5806.057713891151
60,Female,112362,8,52,Yes,Phone,6459.588550882136,3784.1335333329084
31,Female,143481,40,76,No,Email,9865.401941367318,3143.648468120033
27,Male,27578,35,47,Yes,Phone,9599.922119324949,6784.408012988215
43,Female,155008,5,82,No,Email,7565.604931651716,5262.141843907195
22,Male,46744,9,78,Yes,Email,5646.647679197979,6239.450652345426
67,Male,134752,16,65,Yes,SMS,1711.7529604425463,4372.680491974975
42,Male,177289,32,17,No,SMS,6004.453384100795,2513.049761263157
68,Female,60424,40,5,Yes,Email,2220.0108875322553,3385.1953984738593
24,Male,79034,36,83,Yes,SMS,8429.091619661776,7907.899394715622
63,Male,148956,45,36,Yes,Email,1576.4532574258649,3971.4600047290037
50,Male,51285,47,66,No,Phone,5497.886134725204,2688.1957863919033
19,Female,96103,13,89,No,Email,3741.282940357434,1342.961508331618
37,Male,141733,21,38,No,App,7031.08086006267,3133.755974591534
57,Female,172376,34,87,Yes,Email,1310.8168479632486,6212.234610788348
29,Female,145686,38,79,No,Email,7850.606183055608,2583.1134053799924
18,Female,42980,5,54,Yes,SMS,7738.7828582589445,5808.285105867694
25,Female,117216,35,67,Yes,App,5209.0898563110495,4494.487396393798
30,Female,124621,5,89,Yes,App,6396.026913537911,5280.843115283229
23,Female,148191,19,34,No,SMS,5162.091879102973,3777.14369505753
64,Female,127067,29,94,Yes,Phone,6528.944150580782,7018.697566644264
60,Female,195928,4,55,No,App,9456.841111702332,4614.142431700349
29,Male,105078,38,70,Yes,SMS,120.4102147356867,2852.1098802899555
29,Female,85049,13,90,No,Phone,5496.903434133354,3304.216425517943
61,Female,73233,27,68,Yes,Email,7673.745691765656,6083.295749401843
42,Male,53612,34,12,No,SMS,2735.033891001495,0.0
27,Male,28202,19,98,Yes,SMS,9939.624055330609,7975.776777159684
56,Female,113407,27,87,Yes,App,1966.554698855455,3578.772900683536
60,Female,42399,1,76,Yes,Email,4411.623232012933,7055.0455321547115
43,Male,162400,30,70,Yes,Phone,7195.564768223741,6129.936132585607
21,Female,126487,26,18,Yes,Email,4197.60885222671,3608.8821809493375
39,Female,158383,22,93,Yes,App,9526.586363575747,6615.493663831969
25,Female,181901,11,99,Yes,Phone,124.06757729325201,4714.979289534949
67,Male,95462,20,81,No,App,501.24567265271816,1725.6172106090537
58,Male,180281,11,72,Yes,Phone,2558.4700335836465,4315.01604674938
35,Male,189905,46,85,Yes,Email,7368.225004130483,4953.089169510264
19,Female,107555,43,18,Yes,App,802.5059847712567,1616.0214249337403
35,Male,154478,47,54,No,SMS,9466.925743100957,4835.47863395984
30,Female,160564,34,96,Yes,Phone,1358.428563941677,3891.0154417802605
21,Male,22298,48,9,Yes,App,8755.634749098235,4203.992389268619
45,Female,151365,38,50,No,Email,4906.522389206846,2491.6544620743343
33,Female,173946,37,42,No,Phone,3400.500178371433,3143.812045623803
44,Female,41241,5,54,No,Email,9887.894945780015,5608.501980917865
21,Male,21786,2,79,No,Phone,5411.810725648308,2372.907601847507
69,Male,153743,7,53,Yes,Email,1713.1487955848545,3731.7024534545376
62,Female,183148,44,4,No,SMS,4706.013079658408,1100.3674937752733
57,Female,78926,9,67,No,Email,898.1301870886172,941.5573994236591
47,Male,53328,33,14,No,SMS,8780.790140253755,3245.65735582468
22,Male,54093,12,60,No,App,3686.4934152962924,3366.618943685741
31,Female,125412,15,5,Yes,Email,3523.0866338308274,1510.2920472770088
42,Male,80581,33,25,No,App,6608.809811738891,1731.9541098546033
41,Female,20368,7,17,No,SMS,8326.865064455595,2011.6343954967892
20,Male,175432,10,44,Yes,SMS,5274.343783152766,5919.632049395448
18,Female,149476,24,58,Yes,SMS,7079.754328979286,6252.681909361526
41,Male,11064,35,10,No,Email,9040.609938278481,4529.553586179283
46,Female,121838,38,11,Yes,Email,6137.334664137623,4036.3610044722514
68,Male,104081,27,99,No,SMS,8059.283672222651,4611.429135824922
21,Male,152476,16,4,Yes,SMS,8490.778362414612,4910.707407890752
33,Male,124056,7,8,Yes,SMS,8499.679316182452,4306.159637876661
39,Male,139943,26,62,Yes,Phone,3417.803396890593,5394.009117429511
36,Male,170104,48,3,Yes,SMS,7087.292564169834,5008.29779666011
59,Male,108833,5,43,No,Phone,139.67980129403256,1971.6726211855548
36,Female,153760,17,31,Yes,App,317.7070554486128,3180.734777227128
34,Male,99426,3,74,No,Email,1742.695901787079,3631.9265824335257
63,Female,112330,3,88,No,Email,1112.7882278706136,1930.3655114127146
61,Female,116656,21,35,No,Email,7568.508855233259,2747.7769664806474
46,Male,38646,10,84,No,Email,4774.101934744209,2899.615565835769
32,Female,152125,12,59,No,SMS,996.8466812097998,748.3869250363953
64,Female,175887,2,6,No,Email,6392.191914010798,439.38174921865743
42,Male,103582,1,40,Yes,Phone,5992.620562911678,4116.489414855297
22,Male,52429,26,86,Yes,Email,7712.408287519094,5984.24716163337
30,Female,105259,18,12,No,SMS,663.1068318802869,0.0
25,Female,158344,41,7,No,SMS,9277.523926420088,2134.762563187755
53,Male,91053,32,83,No,App,4057.827308872939,3297.1530990756537
65,Male,93026,33,65,Yes,Email,1285.8699602440092,3379.4813389543933
41,Male,111282,44,21,Yes,Email,9765.467016929722,5951.912555737651
43,Male,81686,1,31,No,SMS,3549.237984261804,2487.4415179457883
27,Male,47570,27,35,Yes,SMS,3780.3320838392997,3879.9742484117014
34,Male,86766,45,22,No,Phone,6770.930149250634,1155.0504813700188
48,Female,195135,48,36,Yes,SMS,1827.4654788226696,2648.9987784749537
22,Male,43757,42,22,No,SMS,8963.58417377434,4500.473525604589
22,Female,74933,41,45,Yes,App,6180.721283328209,3850.200838606362
51,Male,135219,16,43,Yes,Email,6406.268591614843,5164.865867633397
57,Male,115502,39,46,Yes,Email,2938.6934121504914,4047.5719017671813
36,Female,35965,30,63,Yes,App,7870.968941237698,5833.471167021186
34,Male,52081,18,13,No,Phone,3506.978997453365,1349.3895947765586
39,Male,160639,42,91,No,Phone,5325.058771920654,3438.8238503906364
27,Female,25865,35,67,No,App,3148.7212737041637,2284.088960400357
50,Male,78694,20,82,No,SMS,1646.2399928210402,4829.988153126531
31,Female,34319,2,79,No,SMS,9446.45548577286,3871.217399806258
67,Female,32723,7,70,Yes,App,512.5480133992355,3639.647392871575
57,Male,165490,45,93,Yes,Phone,7391.355021706285,4388.588894599575
43,Female,104062,35,21,Yes,SMS,4401.7376622157835,3956.315831523515
57,Female,99577,3,96,Yes,App,943.0238582308303,4436.510418019831
26,Female,192703,39,23,No,Email,4607.0995839306,3290.2504912557984
67,Male,103147,29,55,Yes,App,8270.606669084475,5641.2292028555175
36,Male,64303,34,47,Yes,Email,7392.072254580951,3665.669500944669
19,Male,67448,26,40,No,Phone,7654.817639655608,2946.7996203942294
20,Female,48179,45,37,No,App,1515.0049796221576,1741.6299541576645
34,Male,128050,46,96,Yes,App,6179.762627852186,6827.843599632976
38,Male,132092,27,32,No,SMS,5018.576446696693,1894.9676077248514
63,Male,171863,23,15,Yes,Phone,425.8485844431925,3198.263556185394
31,Male,183408,11,21,Yes,App,2553.3578306480963,1305.205115191138
54,Female,26002,21,55,Yes,SMS,8353.348507253158,8089.873861953862
39,Male,112174,12,38,No,Email,1155.2211746158491,3097.262820113044
69,Female,80442,22,1,No,SMS,3212.4728698409776,1860.1094073989773
33,Male,116890,11,76,Yes,App,4941.490887125602,5195.851875254747
54,Female,82903,43,47,Yes,App,9931.766814608916,4587.375442283848
45,Female,65788,38,32,Yes,SMS,2809.0884658677105,3845.1119699895708
54,Female,184926,46,63,Yes,Email,3748.643568944998,5485.547293147359
42,Male,144875,20,54,No,Email,4123.587586137325,2688.850487632663
69,Female,122332,37,85,No,App,3139.0354470444095,3250.959250878017
28,Male,38902,49,38,No,SMS,2690.9572249883295,1156.622584352473
57,Male,112958,44,13,No,Phone,4680.201684412261,2112.3272094856384
47,Male,33652,32,66,No,App,89.80727728394533,3200.537621981505
57,Female,180678,5,46,Yes,App,9636.003212057962,6875.265081895359
26,Female,107821,30,5,Yes,SMS,8021.060682362298,4008.200902880045
47,Female,100880,3,23,No,SMS,1099.2933709154051,816.3798410558564
69,Female,135248,17,28,Yes,Phone,8209.177295403264,5502.272882919114
36,Male,72928,39,16,Yes,Phone,2370.621003438217,2909.7960487164773
53,Male,80194,41,19,Yes,App,7294.86928808377,3934.224984923971
51,Female,27500,20,28,Yes,Email,8548.256339809739,5707.677222173381
69,Female,118251,28,24,No,Email,8447.93484698374,4057.2498449949535
58,Female,106712,14,53,Yes,Email,6170.8652172703705,4629.079481216328
31,Female,163377,2,52,Yes,SMS,1905.992602081007,2630.3581736303686
31,Male,49017,32,44,No,SMS,7667.237118472047,3432.5001204596274
30,Male,128625,30,98,Yes,Email,7933.3431187166725,6281.553261474184
47,Male,24728,29,62,Yes,Email,191.27822819580808,4627.040188074505
18,Male,73741,6,93,Yes,App,3746.943293153164,4164.694021980164
26,Female,11033,35,7,Yes,App,8139.450856166498,5325.484295792976
61,Female,184720,27,66,Yes,Phone,4210.33512255372,3578.111254166731
65,Male,52085,11,75,Yes,Email,8010.723618952507,5852.079492328489
66,Female,36484,43,21,No,Email,3999.442116135924,921.3653570404359
59,Female,154337,40,80,No,App,8017.289911974659,3996.1437385340528
27,Female,154761,17,15,No,App,1479.954840988047,937.6304591676346
22,Female,129336,5,92,No,Phone,3651.211249318346,3405.1162426653673
33,Female,174471,15,72,Yes,Phone,3698.303165562984,4231.222043074173
49,Female,90225,28,80,No,Phone,8928.914590470124,5787.88869917089
67,Female,61684,8,41,Yes,Phone,4461.740283222535,4931.817439528408
36,Female,46906,6,97,Yes,Phone,3437.4718621212364,4606.985036068465
31,Male,107012,48,55,Yes,App,3809.6465655697343,3724.323722498457
50,Female,97811,22,14,No,SMS,1956.134796296517,0.0
55,Male,54240,16,60,No,SMS,6967.16931499524,3499.215344572885
26,Female,127623,17,12,Yes,Phone,7868.373767887998,6064.591023163835
27,Female,72826,20,43,Yes,SMS,2439.5182338203635,2992.4112865452184
29,Female,97549,5,5,No,SMS,838.0551312908191,1096.6991054684522
20,Female,159353,33,83,No,Phone,909.2548947657186,2974.8431775981244
38,Female,111347,11,49,No,App,5965.554255517122,3799.225059283071
27,Female,24945,11,50,Yes,SMS,8976.43441608624,5227.404447613873
61,Male,95742,17,73,No,Phone,9490.273239144828,5120.753839281065
37,Female,60260,22,37,No,SMS,1245.977074248552,1314.0713442166941
53,Male,133988,16,86,No,Email,2581.452077885056,1660.3619199864302
57,Male,175364,10,77,Yes,SMS,5389.974063607521,5264.491225327258
57,Male,49451,43,7,Yes,App,1247.823271509242,2554.4834665018943
34,Male,63016,9,58,No,Phone,2253.558235983987,3741.575468860921
36,Female,81018,21,54,Yes,Email,4040.7349816355663,4804.544142677291
47,Male,147647,42,7,Yes,SMS,1263.658370267471,2153.102640883871
60,Male,189789,43,34,Yes,App,4040.450798700205,4615.910691126485
58,Female,34355,8,42,Yes,App,2242.233714068924,4750.0225121764015
27,Male,70612,46,33,No,Phone,2972.961352172433,2186.0157165659803
20,Female,75239,23,95,Yes,Email,3457.0833914262057,5445.050709280528
49,Male,28591,24,30,Yes,App,5441.848683890474,4972.904254434913
56,Female,135369,25,33,No,Email,3425.537121235934,822.2101697880905
27,Female,138617,25,71,Yes,SMS,7479.660988388523,8199.20339923216
27,Male,43039,22,39,No,SMS,7087.751861631901,1846.1887848085853
57,Male,106168,37,9,Yes,Phone,3714.6328812384686,4275.180761945938
44,Female,112416,49,93,No,App,4998.591090809744,2360.754399541509
65,Female,13547,8,23,Yes,Email,4984.768813509087,2795.212122567972
35,Female,68945,19,89,Yes,App,4850.683650021113,4572.90428272549
38,Male,132605,12,85,No,Email,9906.175522148118,4743.51848966526
26,Male,158938,2,55,No,SMS,508.0965755913858,2833.448988893191
53,Female,46911,15,34,No,App,1068.0514044785905,1137.4195370295117
58,Female,183357,44,2,Yes,Phone,8796.568504560722,5223.465923601632
49,Male,80251,11,97,Yes,Phone,4153.311095016014,3955.9042933625833
52,Male,198610,25,12,Yes,Phone,4002.3390294950113,5208.011932942014
24,Male,197989,18,44,No,SMS,3998.1680907823556,657.7842147734632
42,Female,68358,48,11,No,Phone,8708.015395411172,3973.9245187567603
28,Male,137727,30,68,Yes,Email,5061.558501853634,6162.166660174712
26,Female,87071,16,92,Yes,Phone,3594.425021878299,6744.656578914055
56,Male,79100,48,43,Yes,App,2463.3183577730233,2725.3365389791716
49,Male,73966,2,69,No,App,723.8765337949293,657.8359645192804
65,Male,179561,7,76,No,Email,5066.094846681065,2895.291694124058
31,Female,31215,40,28,No,App,8628.021272203667,2689.21229640736
56,Male,66818,38,26,Yes,Phone,3834.6015762323436,4475.65092843349
64,Female,77897,42,10,Yes,Email,3587.7229766577057,4257.059997140328
63,Female,25899,27,47,Yes,SMS,956.8851354705843,2430.538947631719
56,Female,182298,40,71,Yes,SMS,116.37115672040399,2660.699873893274
43,Male,174071,45,50,Yes,Email,283.18558658712686,2891.3827657013735
57,Female,108179,36,88,No,Email,4845.662406129309,3132.292210164086
56,Female,98488,25,56,Yes,SMS,9190.027085755595,5770.015367499714
18,Female,77629,17,57,No,Email,2972.3167431430397,2482.7695819355877
60,Male,108872,45,87,Yes,Email,7346.9591399016335,5736.286804935907
58,Male,129067,45,43,Yes,Email,2179.935423389585,4430.704261880544
22,Male,102902,18,22,No,SMS,2604.6248028598284,2118.0159219282446
29,Female,81629,36,14,Yes,Email,3849.7388161936497,2728.829249902745
59,Male,182529,6,60,Yes,Email,3177.104665171465,3310.1901413889354
35,Male,28106,44,69,No,Email,8607.485571260748,4776.732888687075
28,Male,94327,22,70,Yes,Email,95.75170324160331,3496.0495944073905
23,Male,180752,32,25,No,App,7748.948005777301,3669.12969535017
67,Female,21891,28,80,Yes,App,647.0573167273808,3186.3057056418425
47,Female,107889,15,80,No,Phone,1303.1971795436991,2603.2901773974418
56,Female,52703,29,52,No,Phone,7384.593005532797,4018.594148558662
30,Male,90315,19,5,Yes,Phone,5021.809303185058,4986.907251231046
61,Male,177204,5,50,No,Email,9039.496535883585,960.3804084510107
69,Female,149299,25,18,No,App,5939.8857499201185,1921.4343794629488
23,Male,112558,42,45,No,Phone,6220.134121788467,2362.179312683122
25,Female,101670,15,89,No,SMS,9780.552903320038,4247.909783282973
61,Female,27471,16,63,Yes,Phone,4504.760859061473,4370.33567712651
20,Female,138905,23,41,Yes,Phone,4931.712986307784,4714.673890950077
51,Male,40233,45,8,No,App,2990.353082267886,1436.2373342822002
44,Male,60936,13,39,No,App,49.70467576665194,1155.323447057276
40,Female,59317,30,5,No,App,2714.7494291808803,911.2856513853579
49,Female,28933,26,20,Yes,Phone,2642.873235337151,3075.6952364012454
31,Male,128946,49,98,No,Email,4088.3503150704346,2749.4032286580255
66,Male,14731,19,47,No,SMS,2706.728574671191,940.2334813988189
31,Male,193470,19,19,Yes,Phone,4053.4482835906692,1420.4538180419918
66,Male,121789,42,89,Yes,Phone,4517.485016260345,4052.4133781735454
